time,ghi,dni,dhi,temp_air,wind_speed_ms,cloud_cover,poa_global,cell_temperature,panel_efficiency,power_kw
2026-08-21 00:00:00,0.0,0.0,0.0,25.5,2.2777777777777777,55,0.0,25.5,0.21956,0.0
2026-08-21 01:00:00,0.0,0.0,0.0,25.4,1.5555555555555554,67,0.0,25.4,0.21964799999999998,0.0
2026-08-21 02:00:00,0.0,0.0,0.0,24.8,1.0,77,0.0,24.8,0.22017599999999998,0.0
2026-08-21 03:00:00,0.0,0.0,0.0,24.6,1.6944444444444442,66,0.0,24.6,0.22035200000000002,0.0
2026-08-21 04:00:00,0.0,0.0,0.0,24.3,1.5277777777777777,91,0.0,24.3,0.22061599999999998,0.0
2026-08-21 05:00:00,0.0,0.0,0.0,24.6,1.5555555555555554,84,0.0,24.6,0.22035200000000002,0.0
2026-08-21 06:00:00,0.0,0.0,0.0,24.6,2.7777777777777777,55,0.0,24.6,0.22035200000000002,0.0
2026-08-21 07:00:00,60.0,114.8,42.0,24.9,2.0,67,152.89521349523153,29.101181786939524,0.21639096002749322,12.50618368803616
2026-08-21 08:00:00,230.0,315.9,110.0,26.5,1.5277777777777777,98,409.1401798678101,38.10320321694489,0.2084691811690885,32.24079870999723
2026-08-21 09:00:00,347.0,284.6,178.0,27.6,2.0833333333333335,98,421.6349313759988,39.12118117576055,0.2075733605653307,33.08262790295559
2026-08-21 10:00:00,513.0,295.4,285.0,28.7,3.3888888888888884,80,493.0438063709338,41.053748443046864,0.20587270137011876,38.368610397705396
2026-08-21 11:00:00,471.0,170.7,317.0,28.0,3.4722222222222223,41,400.7038787689457,37.98500620559681,0.2085731945390748,31.591761286316046
2026-08-21 12:00:00,686.0,402.9,293.0,29.2,4.472222222222222,52,408.17099902281115,38.72462936706033,0.2079223261569869,32.08005243575148
2026-08-21 13:00:00,745.0,427.6,323.0,29.0,4.611111111111112,80,338.1742182010812,36.82000059822891,0.20959839947355857,26.792932903947726
2026-08-21 14:00:00,628.0,353.8,297.0,29.1,4.833333333333333,29,292.77848345501354,35.77287660378498,0.21051986858866922,23.298290012039867
2026-08-21 15:00:00,667.0,564.6,201.0,29.2,5.083333333333333,54,199.96723613095867,33.68404923854124,0.2123580366700837,16.05163757265687
2026-08-21 16:00:00,419.0,318.1,208.0,28.3,4.555555555555555,94,204.8866315480725,33.0550505420518,0.21291155552299443,16.48939248007383
2026-08-21 17:00:00,179.0,93.3,136.0,28.1,3.9166666666666665,55,133.24847582335707,31.324624689291113,0.21443433027342382,10.800612020445438
2026-08-21 18:00:00,115.0,203.1,68.0,27.5,2.611111111111111,37,66.81646768292345,29.262682451478536,0.21624883944269888,5.461715797811075
2026-08-21 19:00:00,9.0,12.5,8.0,26.9,2.138888888888889,46,7.826616284759487,27.113070803548744,0.2181404976928771,0.6453601452680552
2026-08-21 20:00:00,0.0,0.0,0.0,26.5,2.305555555555556,48,0.0,26.5,0.21868,0.0
2026-08-21 21:00:00,0.0,0.0,0.0,25.9,2.6666666666666665,41,0.0,25.9,0.219208,0.0
2026-08-21 22:00:00,0.0,0.0,0.0,25.1,3.0277777777777777,82,0.0,25.1,0.21991200000000002,0.0
2026-08-21 23:00:00,0.0,0.0,0.0,24.7,2.972222222222222,95,0.0,24.7,0.22026400000000002,0.0
2026-08-22 00:00:00,0.0,0.0,0.0,24.5,2.972222222222222,98,0.0,24.5,0.22044,0.0
2026-08-22 01:00:00,0.0,0.0,0.0,24.1,3.0555555555555554,98,0.0,24.1,0.22079200000000002,0.0
2026-08-22 02:00:00,0.0,0.0,0.0,23.9,2.4722222222222223,99,0.0,23.9,0.220968,0.0
2026-08-22 03:00:00,0.0,0.0,0.0,24.0,2.5555555555555554,100,0.0,24.0,0.22088,0.0
2026-08-22 04:00:00,0.0,0.0,0.0,24.3,3.0,98,0.0,24.3,0.22061599999999998,0.0
2026-08-22 05:00:00,0.0,0.0,0.0,24.1,2.5555555555555554,77,0.0,24.1,0.22079200000000002,0.0
2026-08-22 06:00:00,0.0,0.0,0.0,24.1,2.111111111111111,98,0.0,24.1,0.22079200000000002,0.0
2026-08-22 07:00:00,39.0,25.5,35.0,24.5,2.4166666666666665,82,59.08655070567269,26.07905433229388,0.21905043218758138,4.892429229112295
2026-08-22 08:00:00,175.0,123.9,128.0,25.7,2.111111111111111,98,243.53643805062828,32.34230814838211,0.21353876882942374,19.657690093352198
2026-08-22 09:00:00,243.0,99.4,184.0,26.1,2.5555555555555554,76,266.4039130575953,33.15399792583195,0.21282448182526786,21.43156985652303
2026-08-22 10:00:00,298.0,155.5,178.0,26.4,2.0,100,286.9232268929909,34.28393964412983,0.21183013311316576,22.974456460788502
2026-08-22 11:00:00,283.0,23.3,262.0,26.5,2.305555555555556,95,268.4747856317259,33.72813556176894,0.21231924070564334,21.546893075628724
2026-08-22 12:00:00,577.0,298.5,286.0,28.2,3.8333333333333335,99,369.60026331501194,37.1934840699282,0.2092697340184632,29.236844245298702
2026-08-22 13:00:00,488.0,121.7,368.0,27.7,2.6666666666666665,88,365.96736695095035,37.318991258623434,0.20915928769241138,28.934189092668433
2026-08-22 14:00:00,519.0,180.8,350.0,27.8,3.75,90,343.3586498640482,36.200870633969394,0.21014323384210692,27.27439988493432
2026-08-22 15:00:00,543.0,423.6,194.0,28.2,3.944444444444444,97,192.2435475803896,32.84382859726327,0.21309743083440832,15.485377099704131
2026-08-22 16:00:00,403.0,240.4,244.0,26.8,4.055555555555555,92,239.6804839637907,32.54763359479772,0.213358082436578,19.330076476362468
2026-08-22 17:00:00,190.0,102.5,143.0,26.9,3.1666666666666665,98,140.12032264252713,30.462807041393898,0.21519272980357337,11.397786648092282
2026-08-22 18:00:00,95.0,91.8,74.0,27.0,2.5555555555555554,65,72.48477709724595,28.919294132844893,0.2165510211630965,5.93333464469308
2026-08-22 19:00:00,6.0,0.0,6.0,26.1,2.4444444444444446,63,5.864308396768293,26.256430746723503,0.21889434094288332,0.48522496236344387
2026-08-22 20:00:00,0.0,0.0,0.0,25.6,2.4722222222222223,92,0.0,25.6,0.219472,0.0
2026-08-22 21:00:00,0.0,0.0,0.0,25.8,2.4444444444444446,99,0.0,25.8,0.21929600000000002,0.0
2026-08-22 22:00:00,0.0,0.0,0.0,25.8,2.6666666666666665,88,0.0,25.8,0.21929600000000002,0.0
2026-08-22 23:00:00,0.0,0.0,0.0,25.5,2.7222222222222223,98,0.0,25.5,0.21956,0.0
2026-08-23 00:00:00,0.0,0.0,0.0,25.2,2.2222222222222223,98,0.0,25.2,0.219824,0.0
2026-08-23 01:00:00,0.0,0.0,0.0,25.4,1.75,100,0.0,25.4,0.21964799999999998,0.0
2026-08-23 02:00:00,0.0,0.0,0.0,25.3,2.305555555555556,92,0.0,25.3,0.21973600000000001,0.0
2026-08-23 03:00:00,0.0,0.0,0.0,25.0,2.4166666666666665,66,0.0,25.0,0.22,0.0
2026-08-23 04:00:00,0.0,0.0,0.0,25.2,2.138888888888889,48,0.0,25.2,0.219824,0.0
2026-08-23 05:00:00,0.0,0.0,0.0,25.1,2.2222222222222223,46,0.0,25.1,0.21991200000000002,0.0
2026-08-23 06:00:00,0.0,0.0,0.0,24.8,2.138888888888889,77,0.0,24.8,0.22017599999999998,0.0
2026-08-23 07:00:00,46.0,70.4,35.0,25.6,2.1944444444444446,93,102.9847479438468,28.39327072967852,0.2170139217578829,8.447968884300597
2026-08-23 08:00:00,159.0,132.0,109.0,27.0,3.0277777777777777,92,232.84193892721598,32.97509714077409,0.21298191451611878,18.745444090433466
2026-08-23 09:00:00,263.0,145.0,177.0,27.3,3.5833333333333335,78,299.3659429073811,34.70534636090348,0.21145929520240495,23.928802869433724
2026-08-23 10:00:00,423.0,219.2,254.0,27.3,3.861111111111111,66,407.5208254445557,37.19811229438657,0.2092656611809398,32.235883463066465
2026-08-23 11:00:00,622.0,390.6,270.0,28.3,3.888888888888889,73,471.68752839585875,39.735733826651064,0.20703255423254707,36.913466697697196
2026-08-23 12:00:00,657.0,388.0,279.0,28.6,4.0,64,389.52879740407525,37.975178910132186,0.20858184255908366,30.71198376251435
2026-08-23 13:00:00,866.0,628.3,247.0,29.1,4.416666666666667,45,273.30834747930817,35.50082829075097,0.21075927110413914,21.773657342335163
2026-08-23 14:00:00,760.0,472.5,319.0,29.1,4.388888888888889,38,315.11017404069105,36.49323808852908,0.2098859504820944,24.999860989571065
2026-08-23 15:00:00,598.0,372.1,292.0,28.7,4.5,37,287.703099230996,35.401347320768394,0.21084681435772382,22.929964578498453
2026-08-23 16:00:00,513.0,539.8,157.0,28.6,4.527777777777778,27,156.13308142379742,32.2301483732636,0.21363746943152803,12.608521282952331
2026-08-23 17:00:00,328.0,425.3,134.0,28.0,4.361111111111111,36,132.43200814043362,31.11282300518147,0.2146207157554403,10.743762598139403
2026-08-23 18:00:00,125.0,238.9,71.0,27.4,3.5833333333333335,60,69.80139083811993,29.126660924115185,0.21636853838677864,5.7088678171171345
2026-08-23 19:00:00,8.0,13.0,7.0,26.6,2.611111111111111,48,6.84923155196477,26.78068929234712,0.21843299342273453,0.5655251009045383
2026-08-23 20:00:00,0.0,0.0,0.0,26.4,2.25,58,0.0,26.4,0.218768,0.0
2026-08-23 21:00:00,0.0,0.0,0.0,25.9,2.8055555555555554,61,0.0,25.9,0.219208,0.0
2026-08-23 22:00:00,0.0,0.0,0.0,25.7,2.638888888888889,74,0.0,25.7,0.219384,0.0
2026-08-23 23:00:00,0.0,0.0,0.0,25.8,2.5833333333333335,89,0.0,25.8,0.21929600000000002,0.0
2026-08-24 00:00:00,0.0,0.0,0.0,26.1,2.75,97,0.0,26.1,0.219032,0.0
2026-08-24 01:00:00,0.0,0.0,0.0,26.0,2.388888888888889,95,0.0,26.0,0.21912,0.0
2026-08-24 02:00:00,0.0,0.0,0.0,25.9,2.75,88,0.0,25.9,0.219208,0.0
2026-08-24 03:00:00,0.0,0.0,0.0,25.6,2.638888888888889,88,0.0,25.6,0.219472,0.0
2026-08-24 04:00:00,0.0,0.0,0.0,25.4,2.7777777777777777,84,0.0,25.4,0.21964799999999998,0.0
2026-08-24 05:00:00,0.0,0.0,0.0,25.4,2.611111111111111,81,0.0,25.4,0.21964799999999998,0.0
2026-08-24 06:00:00,0.0,0.0,0.0,25.4,2.055555555555556,80,0.0,25.4,0.21964799999999998,0.0
2026-08-24 07:00:00,67.0,128.2,47.0,25.9,2.361111111111111,78,171.34751182269292,30.496137767479986,0.21516339876461762,13.93599551915256
2026-08-24 08:00:00,221.0,232.6,133.0,27.1,2.388888888888889,84,352.7882626320077,36.545519946538306,0.2098399424470463,27.98298797869031
2026-08-24 09:00:00,346.0,246.4,200.0,28.1,3.083333333333333,95,410.3632921682926,38.59191217474945,0.2080391172862205,32.2704712522177
2026-08-24 10:00:00,491.0,255.6,294.0,28.4,3.6666666666666665,97,473.1090902634586,40.039116862888314,0.2067655771606583,36.97697081292908
2026-08-24 11:00:00,693.0,408.6,325.0,29.1,4.277777777777778,85,534.9183032768794,41.74205769152013,0.2052669892314623,41.504804308213075
2026-08-24 12:00:00,790.0,529.0,275.0,29.1,4.777777777777778,95,427.7369535878799,38.884136692003004,0.20778195971103736,33.59513648886647
2026-08-24 13:00:00,710.0,396.3,320.0,29.0,5.083333333333333,80,332.5025988790375,36.456011565515176,0.20991870982234664,26.383839263182093
2026-08-24 14:00:00,699.0,475.3,256.0,29.2,5.249999999999999,25,253.55001271942754,34.82440659007053,0.21135452220073794,20.256619997491534
2026-08-24 15:00:00,708.0,621.5,198.0,29.2,5.083333333333333,20,197.36677251825205,33.625736651399336,0.2124093517467686,15.846723222228558
2026-08-24 16:00:00,466.0,480.6,150.0,28.6,4.944444444444445,16,148.98985139816395,31.9712395015135,0.21386530923866812,12.044501522937404
2026-08-24 17:00:00,319.0,432.0,123.0,28.2,4.583333333333333,25,121.69585292449527,31.01922394829576,0.21470308292549972,9.87656347520791
2026-08-24 18:00:00,126.0,259.8,68.0,27.5,3.5,63,66.89939032934282,29.16399187122091,0.2163356871533256,5.4706902681199585
2026-08-24 19:00:00,8.0,13.2,7.0,27.0,2.9166666666666665,94,6.84923155196477,27.17706111241242,0.21808418622107706,0.5646220357364856
2026-08-24 20:00:00,0.0,0.0,0.0,26.8,2.833333333333333,92,0.0,26.8,0.218416,0.0
2026-08-24 21:00:00,0.0,0.0,0.0,26.6,2.972222222222222,77,0.0,26.6,0.218592,0.0
2026-08-24 22:00:00,0.0,0.0,0.0,25.9,2.944444444444444,48,0.0,25.9,0.219208,0.0
2026-08-24 23:00:00,0.0,0.0,0.0,25.6,2.5833333333333335,69,0.0,25.6,0.219472,0.0
2026-08-25 00:00:00,0.0,0.0,0.0,25.7,2.75,54,0.0,25.7,0.219384,0.0
2026-08-25 01:00:00,0.0,0.0,0.0,25.5,2.833333333333333,79,0.0,25.5,0.21956,0.0
2026-08-25 02:00:00,0.0,0.0,0.0,25.3,2.5,94,0.0,25.3,0.21973600000000001,0.0
2026-08-25 03:00:00,0.0,0.0,0.0,25.4,2.944444444444444,91,0.0,25.4,0.21964799999999998,0.0
2026-08-25 04:00:00,0.0,0.0,0.0,25.3,2.861111111111111,94,0.0,25.3,0.21973600000000001,0.0
2026-08-25 05:00:00,0.0,0.0,0.0,25.3,2.138888888888889,77,0.0,25.3,0.21973600000000001,0.0
2026-08-25 06:00:00,0.0,0.0,0.0,25.3,1.6666666666666665,67,0.0,25.3,0.21973600000000001,0.0
2026-08-25 07:00:00,67.0,141.3,45.0,25.8,2.5277777777777777,66,182.38855143533186,30.63832086290031,0.21503827764064773,14.825356545645997
2026-08-25 08:00:00,219.0,275.3,115.0,27.0,3.0277777777777777,46,376.3561032537875,36.65790049174743,0.20974104756726228,29.83830822810765
2026-08-25 09:00:00,413.0,412.0,169.0,28.2,3.2777777777777777,31,524.7147093763531,41.44414324759265,0.2055291539421185,40.76509636550224
2026-08-25 10:00:00,630.0,560.8,198.0,29.1,4.055555555555555,30,601.1611540796397,43.516084229859544,0.2037058458777236,46.289895649434946
2026-08-25 11:00:00,810.0,652.1,223.0,29.2,4.472222222222222,41,564.515152926618,42.37290453409928,0.20471184400999262,43.682790536478194
2026-08-25 12:00:00,741.0,505.7,249.0,29.5,4.805555555555555,44,394.97771029243125,38.51845865364805,0.20810375638478973,31.070218485644673
2026-08-25 13:00:00,736.0,492.2,252.0,29.5,5.055555555555555,49,270.3341572068735,35.57290230397849,0.21069584597249894,21.53023133233067
2026-08-25 14:00:00,690.0,482.4,241.0,29.4,5.166666666666667,52,238.93447226191736,34.72893134296736,0.21143854041818874,19.096543394705705
2026-08-25 15:00:00,627.0,521.4,200.0,29.0,5.055555555555555,51,198.69585292449528,33.463588750617035,0.212552041899457,15.964153098789044
2026-08-25 16:00:00,477.0,462.3,174.0,28.4,4.777777777777778,48,172.34908549401425,32.34234586717487,0.21353873563688613,13.911611794125722
2026-08-25 17:00:00,297.0,367.9,131.0,27.9,4.388888888888889,50,129.28877811480015,30.933423854649302,0.21477858700790864,10.496478288041851
2026-08-25 18:00:00,109.0,181.5,69.0,27.4,3.8055555555555554,63,67.74108345890585,29.051357748319006,0.21643480518147928,5.542057660057615
2026-08-25 19:00:00,5.0,26.9,3.0,27.0,3.138888888888889,81,2.94723104318767,27.075076407545698,0.2181739327613598,0.24305739725557796
2026-08-25 20:00:00,0.0,0.0,0.0,26.6,2.6666666666666665,94,0.0,26.6,0.218592,0.0
2026-08-25 21:00:00,0.0,0.0,0.0,26.4,2.6666666666666665,96,0.0,26.4,0.218768,0.0
2026-08-25 22:00:00,0.0,0.0,0.0,26.2,2.833333333333333,92,0.0,26.2,0.218944,0.0
2026-08-25 23:00:00,0.0,0.0,0.0,26.1,2.972222222222222,90,0.0,26.1,0.219032,0.0
2026-08-26 00:00:00,0.0,0.0,0.0,25.9,2.9166666666666665,93,0.0,25.9,0.219208,0.0
2026-08-26 01:00:00,0.0,0.0,0.0,25.7,2.7777777777777777,97,0.0,25.7,0.219384,0.0
2026-08-26 02:00:00,0.0,0.0,0.0,25.6,2.7777777777777777,100,0.0,25.6,0.219472,0.0
2026-08-26 03:00:00,0.0,0.0,0.0,25.5,2.833333333333333,100,0.0,25.5,0.21956,0.0
2026-08-26 04:00:00,0.0,0.0,0.0,25.5,2.944444444444444,100,0.0,25.5,0.21956,0.0
2026-08-26 05:00:00,0.0,0.0,0.0,25.6,3.1111111111111107,99,0.0,25.6,0.219472,0.0
2026-08-26 06:00:00,0.0,0.0,0.0,26.0,3.222222222222222,98,0.0,26.0,0.21912,0.0
2026-08-26 07:00:00,55.0,77.2,43.0,26.5,3.3611111111111107,97,117.74339065209995,29.455604594309598,0.21607906795700754,9.617031437656959
2026-08-26 08:00:00,200.0,143.2,146.0,27.1,3.5,97,280.128537603974,34.06765108284646,0.21202046704709512,22.450547716133414
2026-08-26 09:00:00,421.0,344.7,217.0,27.9,3.7777777777777777,98,513.0777361038765,40.43042309746959,0.20642122767422677,40.03403147561481
2026-08-26 10:00:00,570.0,367.6,287.0,28.8,4.194444444444445,99,547.7479757878002,41.816128201186835,0.20520180718295558,42.486774565710796
2026-08-26 11:00:00,659.0,342.3,351.0,29.3,4.5,100,524.8645823198988,41.52545002781373,0.2054576039755239,40.762544569132885
2026-08-26 12:00:00,718.0,300.4,426.0,29.1,4.694444444444444,100,506.20834394987565,40.74218115949043,0.20614688057964842,39.4455364488322
2026-08-26 13:00:00,649.0,231.1,422.0,28.5,4.833333333333333,100,423.50648376184694,38.152370876768664,0.2084259136284436,33.36595635452911
2026-08-26 14:00:00,511.0,148.5,373.0,28.0,4.833333333333333,100,365.604807623872,36.33270170073649,0.21002722250335187,29.025471741505143
2026-08-26 15:00:00,289.0,22.0,271.0,27.7,4.611111111111112,100,265.00695419059963,33.82806780874428,0.21223130032830503,21.25976724291969
2026-08-26 16:00:00,194.0,9.2,188.0,27.3,4.25,100,183.7935602998171,31.651616691491046,0.21414657731148787,14.877611986897193
2026-08-26 17:00:00,119.0,4.5,117.0,27.0,3.9722222222222223,100,114.36909058178526,29.75766030010368,0.21581325893590875,9.329934408476683
2026-08-26 18:00:00,55.0,13.8,52.0,26.7,3.7222222222222223,100,50.84662137253049,27.946327984061377,0.21740723137402598,4.178571961028938
2026-08-26 19:00:00,2.0,0.0,2.0,26.4,3.5,100,1.9547694655894312,26.44862107838111,0.2187252134510246,0.1616166853340484
2026-08-26 20:00:00,0.0,0.0,0.0,26.2,3.2499999999999996,100,0.0,26.2,0.218944,0.0
2026-08-26 21:00:00,0.0,0.0,0.0,25.9,2.9166666666666665,100,0.0,25.9,0.219208,0.0
2026-08-26 22:00:00,0.0,0.0,0.0,25.6,2.5277777777777777,100,0.0,25.6,0.219472,0.0
2026-08-26 23:00:00,0.0,0.0,0.0,25.4,2.4444444444444446,100,0.0,25.4,0.21964799999999998,0.0
2026-08-27 00:00:00,0.0,0.0,0.0,25.5,2.75,100,0.0,25.5,0.21956,0.0
2026-08-27 01:00:00,0.0,0.0,0.0,25.8,3.2499999999999996,100,0.0,25.8,0.21929600000000002,0.0
2026-08-27 02:00:00,0.0,0.0,0.0,26.0,3.6666666666666665,100,0.0,26.0,0.21912,0.0
2026-08-27 03:00:00,0.0,0.0,0.0,26.0,3.8333333333333335,100,0.0,26.0,0.21912,0.0
2026-08-27 04:00:00,0.0,0.0,0.0,26.0,3.944444444444444,100,0.0,26.0,0.21912,0.0
2026-08-27 05:00:00,0.0,0.0,0.0,26.0,3.9722222222222223,100,0.0,26.0,0.21912,0.0
2026-08-27 06:00:00,0.0,0.0,0.0,26.2,4.0,100,0.0,26.2,0.218944,0.0
2026-08-27 07:00:00,22.0,19.3,19.0,26.4,3.944444444444444,100,37.52300653713847,27.306404469776,0.21797036406659712,3.091625483602336
2026-08-27 08:00:00,80.0,23.9,71.0,26.7,3.9722222222222223,100,92.35237066711397,28.926794537874205,0.21654442080667072,7.559391652936136
2026-08-27 09:00:00,175.0,18.6,164.0,26.9,4.027777777777778,100,176.54115727621274,31.1412518696134,0.2145956983547402,14.32051976906822
2026-08-27 10:00:00,250.0,23.4,232.0,27.2,4.111111111111112,100,243.765820888364,33.024336336381246,0.2129385840239845,19.620902221229905
2026-08-27 11:00:00,310.0,31.1,282.0,27.4,4.222222222222222,100,292.12903767918885,34.3292353719127,0.21179027287271682,23.386893492357206
2026-08-27 12:00:00,354.0,66.9,289.0,27.7,4.333333333333333,100,302.42166164144845,34.8213735020801,0.21135719131816952,24.161379353361315
2026-08-27 13:00:00,365.0,71.3,295.0,28.0,4.472222222222222,100,291.6638659704927,34.805947090272454,0.21137076656056022,23.30340324285942
2026-08-27 14:00:00,346.0,67.9,283.0,28.1,4.5,100,277.0747999922155,34.55378681544711,0.21159266760240655,22.16100450907582
2026-08-27 15:00:00,300.0,51.5,258.0,27.2,4.055555555555555,100,252.4818748019106,33.25461605254522,0.21273593787376022,20.303124067337492
2026-08-27 16:00:00,235.0,47.6,204.0,27.1,4.027777777777778,100,199.6201765845766,31.895705773171397,0.21393177891960918,16.142527605324325
2026-08-27 17:00:00,155.0,44.8,135.0,27.0,3.944444444444444,99,132.09770737532185,30.190947726793876,0.2154319660004214,10.757150007917275
2026-08-27 18:00:00,63.0,37.3,55.0,26.9,3.861111111111111,96,53.81646768292345,28.207126917579515,0.21717772831253002,4.4179650385347955
2026-08-27 19:00:00,3.0,0.0,3.0,26.7,3.861111111111111,92,2.9321541983841466,26.771217934662364,0.21844132821749712,0.2421103825854794
2026-08-27 20:00:00,0.0,0.0,0.0,26.6,3.8055555555555554,87,0.0,26.6,0.218592,0.0
2026-08-27 21:00:00,0.0,0.0,0.0,26.4,3.7777777777777777,82,0.0,26.4,0.218768,0.0
2026-08-27 22:00:00,0.0,0.0,0.0,26.3,3.7222222222222223,78,0.0,26.3,0.218856,0.0
2026-08-27 23:00:00,0.0,0.0,0.0,26.2,3.7222222222222223,77,0.0,26.2,0.218944,0.0
2026-08-28 00:00:00,0.0,0.0,0.0,26.0,3.6944444444444446,79,0.0,26.0,0.21912,0.0
2026-08-28 01:00:00,0.0,0.0,0.0,25.9,3.6666666666666665,83,0.0,25.9,0.219208,0.0
2026-08-28 02:00:00,0.0,0.0,0.0,25.7,3.611111111111111,89,0.0,25.7,0.219384,0.0
2026-08-28 03:00:00,0.0,0.0,0.0,25.6,3.5277777777777777,95,0.0,25.6,0.219472,0.0
2026-08-28 04:00:00,0.0,0.0,0.0,25.6,3.5277777777777777,99,0.0,25.6,0.219472,0.0
2026-08-28 05:00:00,0.0,0.0,0.0,25.6,3.611111111111111,100,0.0,25.6,0.219472,0.0
2026-08-28 06:00:00,0.0,0.0,0.0,25.8,3.7222222222222223,98,0.0,25.8,0.21929600000000002,0.0
2026-08-28 07:00:00,56.0,148.5,33.0,26.1,3.9722222222222223,94,178.25924225419448,30.398175608377592,0.2152496054646277,14.503947531811487
2026-08-28 08:00:00,191.0,215.3,110.0,26.4,4.194444444444445,88,314.5088041295593,33.87366872340248,0.21219117152340583,25.22620482581174
2026-08-28 09:00:00,323.0,236.9,183.0,26.8,4.472222222222222,82,385.93522931806115,35.80575990882816,0.21049093128023122,30.707157284877134
2026-08-28 10:00:00,441.0,256.2,244.0,27.1,4.666666666666667,75,424.7505383099356,36.88646522888094,0.2095399105985848,33.64282775353425
2026-08-28 11:00:00,538.0,276.0,290.0,27.3,4.805555555555555,70,429.81420632917053,37.11387442258525,0.20933979050812498,34.0113876141178
2026-08-28 12:00:00,691.0,399.8,303.0,27.4,4.861111111111111,65,415.0954373596137,36.84357249218157,0.2095776562068802,32.88400751059113
2026-08-28 13:00:00,707.0,408.1,307.0,27.4,4.805555555555555,60,318.7108916874781,34.677071399858946,0.21148417716812415,25.478073438191185
2026-08-28 14:00:00,667.0,403.6,293.0,27.3,4.722222222222222,54,289.1930966871105,33.939055862919105,0.2121336308406312,23.189385850198775
2026-08-28 15:00:00,574.0,385.9,260.0,27.3,4.583333333333333,49,256.4870951607792,33.24181760289496,0.21274720050945242,20.62629253273326
2026-08-28 16:00:00,439.0,354.5,209.0,27.2,4.444444444444445,45,206.00724630650072,32.0158949179298,0.21382601247222177,16.650789630842514
2026-08-28 17:00:00,277.0,304.4,142.0,27.1,4.361111111111111,43,139.80631908108742,30.38615666571984,0.21526018213416653,11.375809341965065
2026-08-28 18:00:00,93.0,198.4,51.0,26.9,4.25,43,50.163235113404475,28.08769760410859,0.21728282610838442,4.12005238804399
2026-08-28 19:00:00,3.0,14.3,2.0,26.7,4.083333333333333,44,1.9623078879911928,26.746971244206364,0.2184626653050984,0.16204520229399474
2026-08-28 20:00:00,0.0,0.0,0.0,26.5,3.9166666666666665,46,0.0,26.5,0.21868,0.0
2026-08-28 21:00:00,0.0,0.0,0.0,26.3,3.8055555555555554,49,0.0,26.3,0.218856,0.0
2026-08-28 22:00:00,0.0,0.0,0.0,26.1,3.6944444444444446,50,0.0,26.1,0.219032,0.0
2026-08-28 23:00:00,0.0,0.0,0.0,26.0,3.5833333333333335,50,0.0,26.0,0.21912,0.0
2026-08-29 00:00:00,0.0,0.0,0.0,25.8,3.555555555555556,47,0.0,25.8,0.21929600000000002,0.0
2026-08-29 01:00:00,0.0,0.0,0.0,25.7,3.5,41,0.0,25.7,0.219384,0.0
2026-08-29 02:00:00,0.0,0.0,0.0,25.5,3.4722222222222223,34,0.0,25.5,0.21956,0.0
2026-08-29 03:00:00,0.0,0.0,0.0,25.5,3.4722222222222223,28,0.0,25.5,0.21956,0.0
2026-08-29 04:00:00,0.0,0.0,0.0,25.5,3.5277777777777777,25,0.0,25.5,0.21956,0.0
2026-08-29 05:00:00,0.0,0.0,0.0,25.6,3.5833333333333335,26,0.0,25.6,0.219472,0.0
2026-08-29 06:00:00,0.0,0.0,0.0,25.9,3.6666666666666665,34,0.0,25.9,0.219208,0.0
2026-08-29 07:00:00,46.0,71.1,35.0,26.4,3.861111111111111,47,104.19738884356521,28.93080920326068,0.2165408879011306,8.528812146728358
2026-08-29 08:00:00,159.0,103.8,120.0,27.0,4.055555555555555,63,217.16669792640036,32.207744026675265,0.21365718525652577,17.538907205134564
2026-08-29 09:00:00,269.0,116.9,200.0,27.6,4.25,78,297.70532451784806,34.648666216619965,0.21150917372937442,23.801679922962812
2026-08-29 10:00:00,366.0,130.1,266.0,28.0,4.416666666666667,91,354.5688142133563,36.30393260200989,0.21005253931023132,28.15271415900713
2026-08-29 11:00:00,444.0,144.8,314.0,28.3,4.5,99,383.62568702991666,37.235631826099215,0.20923264399303268,30.34093235074516
2026-08-29 12:00:00,552.0,236.1,323.0,28.3,4.527777777777778,100,385.74320421935107,37.26866347941646,0.20920357613811352,30.504168246004575
2026-08-29 13:00:00,565.0,248.2,322.0,28.1,4.555555555555555,96,325.79199688893294,35.66104680767998,0.2106182788092416,25.937509361868543
2026-08-29 14:00:00,535.0,251.9,302.0,27.8,4.5,89,296.9266417236146,34.716187417855,0.2114497550722876,23.73275482208639
2026-08-29 15:00:00,463.0,246.4,263.0,27.4,4.472222222222222,82,258.55986920536253,33.433468642486886,0.21257854759461153,20.776498392609046
2026-08-29 16:00:00,357.0,232.0,207.0,27.1,4.388888888888889,76,203.44940304877036,31.873409428266953,0.2139513997031251,16.453691560296775
2026-08-29 17:00:00,228.0,206.4,137.0,26.9,4.277777777777778,73,134.58770483143633,30.08079512072258,0.21552890029376415,10.964850125814094
2026-08-29 18:00:00,81.0,138.9,52.0,26.7,4.166666666666667,74,51.04262035497629,27.915135352590408,0.21743468088972043,4.19520875835326
2026-08-29 19:00:00,3.0,14.7,2.0,26.6,4.027777777777778,78,1.9623078879911928,26.647142786005862,0.21855051434831485,0.16211036453102717
2026-08-29 20:00:00,0.0,0.0,0.0,26.5,3.888888888888889,84,0.0,26.5,0.21868,0.0
2026-08-29 21:00:00,0.0,0.0,0.0,26.5,3.6666666666666665,89,0.0,26.5,0.21868,0.0
2026-08-29 22:00:00,0.0,0.0,0.0,26.4,3.5277777777777777,95,0.0,26.4,0.218768,0.0
2026-08-29 23:00:00,0.0,0.0,0.0,26.3,3.3888888888888884,98,0.0,26.3,0.218856,0.0
2026-08-30 00:00:00,0.0,0.0,0.0,26.1,3.2499999999999996,100,0.0,26.1,0.219032,0.0
2026-08-30 01:00:00,0.0,0.0,0.0,25.9,3.1111111111111107,100,0.0,25.9,0.219208,0.0
2026-08-30 02:00:00,0.0,0.0,0.0,25.7,3.0277777777777777,100,0.0,25.7,0.219384,0.0
2026-08-30 03:00:00,0.0,0.0,0.0,25.5,2.944444444444444,100,0.0,25.5,0.21956,0.0
2026-08-30 04:00:00,0.0,0.0,0.0,25.4,2.888888888888889,100,0.0,25.4,0.21964799999999998,0.0
2026-08-30 05:00:00,0.0,0.0,0.0,25.5,2.972222222222222,100,0.0,25.5,0.21956,0.0
2026-08-30 06:00:00,0.0,0.0,0.0,25.8,3.1111111111111107,95,0.0,25.8,0.21929600000000002,0.0
2026-08-30 07:00:00,59.0,149.0,36.0,26.3,3.416666666666667,89,182.02708059493744,30.852530873383785,0.2148497728314223,14.783004273865958
2026-08-30 08:00:00,203.0,224.0,119.0,26.9,3.75,81,332.0227345780483,35.023517615855454,0.2111793044980472,26.50397280264668
2026-08-30 09:00:00,346.0,252.6,197.0,27.6,4.083333333333333,73,413.5324513295104,37.49861676525193,0.2090012172465783,32.670080994157395
2026-08-30 10:00:00,474.0,279.9,259.0,28.1,4.388888888888889,66,456.6131629385899,38.813236531440545,0.20784435185233233,35.87388848752513
2026-08-30 11:00:00,580.0,310.9,301.0,28.4,4.583333333333333,61,458.7805163719171,39.02817661970521,0.2076552045746594,36.01136522922562
2026-08-30 12:00:00,752.0,504.7,263.0,28.6,4.638888888888888,59,406.35186809691004,37.97953394777343,0.2085780101259594,32.03779221415829
2026-08-30 13:00:00,773.0,525.6,259.0,28.6,4.638888888888888,58,276.00818466088646,34.97090251366261,0.2112256057879769,22.037398490810634
2026-08-30 14:00:00,732.0,528.4,244.0,28.5,4.611111111111112,58,242.1606249339702,34.09976523912633,0.21199220658956883,19.405070456509574
2026-08-30 15:00:00,633.0,512.4,218.0,28.4,4.527777777777778,58,216.19831704597902,33.42668596411348,0.21258451635158016,17.373036743462627
2026-08-30 16:00:00,486.0,476.5,179.0,28.2,4.388888888888889,59,177.26616284759487,32.35908801092217,0.2135240025503885,14.307519469811693
2026-08-30 17:00:00,308.0,415.3,126.0,28.0,4.25,59,124.52246920925477,30.948275524957072,0.21476551753803777,10.108904101949511
2026-08-30 18:00:00,105.0,199.3,64.0,27.8,4.055555555555555,59,62.86169821733402,29.307448593747704,0.21620944523750202,5.137508715541169
2026-08-30 19:00:00,3.0,15.0,2.0,27.5,3.75,58,1.9623078879911928,27.54801129873256,0.21775775005711534,0.1615223297299344
2026-08-30 20:00:00,0.0,0.0,0.0,27.1,3.4444444444444446,58,0.0,27.1,0.218152,0.0
2026-08-30 21:00:00,0.0,0.0,0.0,26.7,3.138888888888889,58,0.0,26.7,0.218504,0.0
2026-08-30 22:00:00,0.0,0.0,0.0,26.4,2.833333333333333,57,0.0,26.4,0.218768,0.0
2026-08-30 23:00:00,0.0,0.0,0.0,26.2,2.694444444444444,55,0.0,26.2,0.218944,0.0
2026-08-31 00:00:00,0.0,0.0,0.0,26.0,2.638888888888889,52,0.0,26.0,0.21912,0.0
2026-08-31 01:00:00,0.0,0.0,0.0,25.8,2.611111111111111,47,0.0,25.8,0.21929600000000002,0.0
2026-08-31 02:00:00,0.0,0.0,0.0,25.6,2.6666666666666665,42,0.0,25.6,0.219472,0.0
2026-08-31 03:00:00,0.0,0.0,0.0,25.6,2.75,37,0.0,25.6,0.219472,0.0
2026-08-31 04:00:00,0.0,0.0,0.0,25.6,2.861111111111111,34,0.0,25.6,0.219472,0.0
2026-08-31 05:00:00,0.0,0.0,0.0,25.7,3.0277777777777777,34,0.0,25.7,0.219384,0.0
2026-08-31 06:00:00,0.0,0.0,0.0,26.0,3.222222222222222,38,0.0,26.0,0.21912,0.0
2026-08-31 07:00:00,77.0,311.6,29.0,26.4,3.5833333333333335,46,335.774450907825,34.70597523541251,0.211458741792837,26.83892342192647
2026-08-31 08:00:00,264.0,443.3,98.0,27.0,3.944444444444444,56,523.0099684880239,39.63381101153899,0.2071222463098457,40.94760581692747
2026-08-31 09:00:00,441.0,473.4,162.0,27.6,4.361111111111111,66,572.6408370066658,41.059960293364206,0.2058672349418395,44.56165860569162
2026-08-31 10:00:00,591.0,489.9,215.0,28.0,4.694444444444444,73,566.2088128912518,41.02211955327369,0.20590053479311918,44.06825960921887
2026-08-31 11:00:00,703.0,504.1,251.0,28.3,4.888888888888889,76,511.92140009028367,39.925356539955516,0.20686568624483914,40.02981131511006
2026-08-31 12:00:00,808.0,587.8,239.0,28.4,4.944444444444445,73,406.94751842728755,37.60812750862218,0.2089048477924125,32.135030951896844
2026-08-31 13:00:00,814.0,583.6,244.0,28.4,4.916666666666666,66,263.20777264536036,34.366457617360325,0.2117575172967229,21.068292849123925
2026-08-31 14:00:00,760.0,567.2,237.0,28.3,4.805555555555555,56,235.58277658846885,33.67902133414495,0.21236246122595245,18.91093866181542
2026-08-31 15:00:00,651.0,538.4,216.0,28.2,4.638888888888888,46,214.3943160284248,33.14871298319883,0.21282913257478503,17.247896684913126
2026-08-31 16:00:00,498.0,495.4,180.0,28.0,4.5,40,178.32647022680896,32.153683490621795,0.21370475852825283,14.405283367908005
2026-08-31 17:00:00,315.0,433.9,126.0,27.8,4.277777777777778,38,124.5752381660671,30.744164254957454,0.21494513545563745,10.121646065084919
2026-08-31 18:00:00,111.0,231.8,64.0,27.5,4.083333333333333,43,62.90692875174459,29.005786492911426,0.21647490788623797,5.147517667423337
2026-08-31 19:00:00,3.0,15.4,2.0,27.1,3.8055555555555554,53,1.9623078879911928,27.14783614565875,0.2181099041918203,0.16178354089806346
2026-08-31 20:00:00,0.0,0.0,0.0,26.8,3.4722222222222223,66,0.0,26.8,0.218416,0.0
2026-08-31 21:00:00,0.0,0.0,0.0,26.4,3.1666666666666665,79,0.0,26.4,0.218768,0.0
2026-08-31 22:00:00,0.0,0.0,0.0,26.0,2.833333333333333,90,0.0,26.0,0.21912,0.0
2026-08-31 23:00:00,0.0,0.0,0.0,25.7,2.611111111111111,98,0.0,25.7,0.219384,0.0
2026-09-01 00:00:00,0.0,0.0,0.0,25.5,2.4166666666666665,100,0.0,25.5,0.21956,0.0
2026-09-01 01:00:00,0.0,0.0,0.0,25.3,2.1944444444444446,100,0.0,25.3,0.21973600000000001,0.0
2026-09-01 02:00:00,0.0,0.0,0.0,25.1,2.055555555555556,100,0.0,25.1,0.21991200000000002,0.0
2026-09-01 03:00:00,0.0,0.0,0.0,25.0,1.972222222222222,100,0.0,25.0,0.22,0.0
2026-09-01 04:00:00,0.0,0.0,0.0,25.0,1.9444444444444444,99,0.0,25.0,0.22,0.0
2026-09-01 05:00:00,0.0,0.0,0.0,25.1,2.0,98,0.0,25.1,0.21991200000000002,0.0
2026-09-01 06:00:00,0.0,0.0,0.0,25.5,2.1944444444444446,99,0.0,25.5,0.21956,0.0
2026-09-01 07:00:00,71.0,260.1,31.0,26.2,2.638888888888889,100,287.19773404159906,33.76257652776541,0.21228893265556645,23.04624435905798
2026-09-01 08:00:00,245.0,371.7,106.0,26.9,3.194444444444444,100,462.0829986939712,38.62771038315058,0.20800761486282748,36.33214375740448
2026-09-01 09:00:00,411.0,399.1,176.0,27.7,3.75,100,521.4086764544048,40.457176322941095,0.20639768483581183,40.67943150858075
2026-09-01 10:00:00,554.0,417.2,234.0,28.3,4.25,100,531.8738403138216,40.89299334264744,0.20601416585847027,41.41880021948502
2026-09-01 11:00:00,663.0,433.1,275.0,28.7,4.555555555555555,99,497.5825231575037,40.24799621907224,0.20658176332721642,38.85517756311003
2026-09-01 12:00:00,774.0,516.0,275.0,28.8,4.611111111111112,91,420.47635600321644,38.52316982937806,0.2080996105501473,33.075365121469865
2026-09-01 13:00:00,785.0,516.7,281.0,28.8,4.583333333333333,78,295.9397223234943,35.65578294064003,0.21062291101223676,23.56137723237256
2026-09-01 14:00:00,738.0,507.4,271.0,28.6,4.361111111111111,63,268.3917058489905,34.908564584180446,0.21128046316592122,21.434839242389902
2026-09-01 15:00:00,636.0,486.5,244.0,28.3,4.138888888888889,49,241.4369363834011,34.058193732879325,0.21202878951506618,19.35041775619626
2026-09-01 16:00:00,489.0,453.5,199.0,28.0,3.861111111111111,38,196.68570432265923,32.77722135049774,0.21315604521156198,15.847554321799954
2026-09-01 17:00:00,311.0,404.4,136.0,27.8,3.555555555555556,33,134.24354758038956,31.126837256542988,0.2146083832142422,10.890100885798866
2026-09-01 18:00:00,111.0,235.5,64.0,27.5,3.222222222222222,35,62.90692875174459,29.093653830079138,0.21639758462953035,5.145679011692326
2026-09-01 19:00:00,3.0,15.7,2.0,27.1,2.8055555555555554,41,1.9623078879911928,27.151103325194086,0.2181070290738292,0.16178140827244603
2026-09-01 20:00:00,0.0,0.0,0.0,26.7,2.4166666666666665,51,0.0,26.7,0.218504,0.0
2026-09-01 21:00:00,0.0,0.0,0.0,26.4,2.138888888888889,62,0.0,26.4,0.218768,0.0
2026-09-01 22:00:00,0.0,0.0,0.0,26.0,2.0277777777777777,72,0.0,26.0,0.21912,0.0
2026-09-01 23:00:00,0.0,0.0,0.0,25.7,2.0277777777777777,80,0.0,25.7,0.219384,0.0
2026-09-02 00:00:00,0.0,0.0,0.0,25.5,2.0833333333333335,86,0.0,25.5,0.21956,0.0
2026-09-02 01:00:00,0.0,0.0,0.0,25.2,2.0833333333333335,92,0.0,25.2,0.219824,0.0
2026-09-02 02:00:00,0.0,0.0,0.0,24.9,2.111111111111111,97,0.0,24.9,0.22008799999999998,0.0
2026-09-02 03:00:00,0.0,0.0,0.0,24.8,2.111111111111111,100,0.0,24.8,0.22017599999999998,0.0
2026-09-02 04:00:00,0.0,0.0,0.0,24.8,2.138888888888889,100,0.0,24.8,0.22017599999999998,0.0
2026-09-02 05:00:00,0.0,0.0,0.0,24.9,2.1666666666666665,99,0.0,24.9,0.22008799999999998,0.0
2026-09-02 06:00:00,0.0,0.0,0.0,25.4,2.2777777777777777,92,0.0,25.4,0.21964799999999998,0.0
2026-09-02 07:00:00,65.0,208.4,33.0,26.1,2.4444444444444446,80,238.30550718564083,32.45681241762736,0.21343800507248792,19.226384875463452
2026-09-02 08:00:00,229.0,308.0,114.0,27.0,2.7222222222222223,66,408.66890750684024,37.701782694955526,0.20882243122843913,32.25823076689234
2026-09-02 09:00:00,391.0,346.7,187.0,27.9,3.0,51,486.3676259491393,40.40395855457102,0.2064445164719775,37.95419730061021
2026-09-02 10:00:00,537.0,382.3,244.0,28.6,3.2499999999999996,38,516.2112181004204,41.65345297708636,0.205344961380164,40.06851885974886
2026-09-02 11:00:00,656.0,420.0,280.0,29.0,3.4444444444444446,29,495.2939580506477,41.36470544194378,0.20559905921108948,38.4924853434807
2026-09-02 12:00:00,844.0,657.4,209.0,29.2,3.5277777777777777,23,396.9029756441468,39.0541199157542,0.2076323744741363,31.15094494762322
2026-09-02 13:00:00,869.0,681.7,205.0,29.1,3.5277777777777777,19,227.65887716471704,34.75220724744184,0.2114180576222512,18.193592696817067
2026-09-02 14:00:00,824.0,684.7,195.0,28.9,3.5277777777777777,17,195.3316905856775,33.749603103263226,0.21230034926912836,15.675276758904747
2026-09-02 15:00:00,714.0,664.4,180.0,28.6,3.5,15,179.95476946558944,33.07602395334288,0.21289309892105826,14.481606587044203
2026-09-02 16:00:00,549.0,618.5,155.0,28.3,3.333333333333333,15,154.46477200947493,32.18450772905224,0.21367763319843402,12.476142086506682
2026-09-02 17:00:00,347.0,542.0,114.0,27.9,3.1111111111111107,16,113.178311958208,30.788356762441285,0.21490624604905165,9.193990487386436
2026-09-02 18:00:00,117.0,269.8,64.0,27.6,2.7777777777777777,17,62.95215928615516,29.24245428303434,0.21626664023092976,5.146262849989461
2026-09-02 19:00:00,3.0,16.2,2.0,27.1,2.2777777777777777,20,1.9623078879911928,27.152929036582254,0.21810542244780762,0.16178021655376804
2026-09-02 20:00:00,0.0,0.0,0.0,26.6,1.8888888888888888,24,0.0,26.6,0.218592,0.0
2026-09-02 21:00:00,0.0,0.0,0.0,26.1,1.777777777777778,28,0.0,26.1,0.219032,0.0
2026-09-02 22:00:00,0.0,0.0,0.0,25.7,1.9166666666666667,34,0.0,25.7,0.219384,0.0
2026-09-02 23:00:00,0.0,0.0,0.0,25.3,2.1944444444444446,40,0.0,25.3,0.21973600000000001,0.0
2026-09-03 00:00:00,0.0,0.0,0.0,25.0,2.361111111111111,49,0.0,25.0,0.22,0.0
2026-09-03 01:00:00,0.0,0.0,0.0,24.8,2.5,59,0.0,24.8,0.22017599999999998,0.0
2026-09-03 02:00:00,0.0,0.0,0.0,24.5,2.611111111111111,71,0.0,24.5,0.22044,0.0
2026-09-03 03:00:00,0.0,0.0,0.0,24.4,2.611111111111111,83,0.0,24.4,0.220528,0.0
2026-09-03 04:00:00,0.0,0.0,0.0,24.4,2.5555555555555554,92,0.0,24.4,0.220528,0.0
2026-09-03 05:00:00,0.0,0.0,0.0,24.5,2.4722222222222223,98,0.0,24.5,0.22044,0.0
2026-09-03 06:00:00,0.0,0.0,0.0,24.9,2.305555555555556,100,0.0,24.9,0.22008799999999998,0.0
2026-09-03 07:00:00,63.0,189.2,34.0,25.5,2.1944444444444446,100,220.48920119351402,31.480361599174447,0.21429728179272647,17.860589389598623
2026-09-03 08:00:00,222.0,284.3,116.0,26.3,2.305555555555556,98,387.9255967137026,36.74410481352629,0.20966518776409687,30.744438381774593
2026-09-03 09:00:00,377.0,316.4,191.0,27.0,2.5833333333333335,95,463.80445223338285,39.25822155761311,0.20745276502930046,36.37022106641442
2026-09-03 10:00:00,516.0,343.4,253.0,27.7,2.972222222222222,90,496.66610176336985,40.49224248771973,0.20636682661080663,38.74326396169318
2026-09-03 11:00:00,628.0,373.4,294.0,28.1,3.333333333333333,84,484.1466711974259,40.275407128726776,0.20655764172672045,37.80158557860048
2026-09-03 12:00:00,798.0,546.1,271.0,28.4,3.611111111111111,75,424.3448363432812,38.877724028992766,0.20778760285448636,33.329619411776
2026-09-03 13:00:00,818.0,564.5,269.0,28.5,3.8333333333333335,63,284.84763836365494,35.431198249165725,0.21082054554073418,22.699555646978258
2026-09-03 14:00:00,773.0,565.0,255.0,28.6,4.0,50,253.1380096667649,34.69252549592336,0.21147057756358745,20.234809138645495
2026-09-03 15:00:00,667.0,548.9,227.0,28.5,4.083333333333333,37,225.1832402011755,33.89015158192022,0.2121766666079102,18.06032186854073
2026-09-03 16:00:00,510.0,515.4,183.0,28.4,4.055555555555555,29,181.32647022680896,32.74828107264313,0.21318151265607405,14.611760556449257
2026-09-03 17:00:00,320.0,456.8,125.0,28.2,3.9166666666666665,26,123.64308396768294,31.19217337203039,0.21455088743261325,10.027483221484825
2026-09-03 18:00:00,106.0,243.3,59.0,27.8,3.611111111111111,31,58.02000508777101,29.232602801789806,0.21627530953442498,4.7432553435086104
2026-09-03 19:00:00,2.0,16.6,1.0,27.2,3.083333333333333,43,0.9849231551964771,27.225181899649446,0.21804183992830847,0.08117718472597915
2026-09-03 20:00:00,0.0,0.0,0.0,26.5,2.5277777777777777,58,0.0,26.5,0.21868,0.0
2026-09-03 21:00:00,0.0,0.0,0.0,25.8,2.1944444444444446,74,0.0,25.8,0.21929600000000002,0.0
2026-09-03 22:00:00,0.0,0.0,0.0,25.3,2.055555555555556,88,0.0,25.3,0.21973600000000001,0.0
2026-09-03 23:00:00,0.0,0.0,0.0,24.8,2.111111111111111,97,0.0,24.8,0.22017599999999998,0.0
2026-09-04 00:00:00,0.0,0.0,0.0,24.5,2.2222222222222223,100,0.0,24.5,0.22044,0.0
2026-09-04 01:00:00,0.0,0.0,0.0,24.3,2.2777777777777777,100,0.0,24.3,0.22061599999999998,0.0
2026-09-04 02:00:00,0.0,0.0,0.0,24.2,2.3333333333333335,100,0.0,24.2,0.220704,0.0
2026-09-04 03:00:00,0.0,0.0,0.0,24.2,2.305555555555556,100,0.0,24.2,0.220704,0.0
2026-09-04 04:00:00,0.0,0.0,0.0,24.3,2.25,100,0.0,24.3,0.22061599999999998,0.0
2026-09-04 05:00:00,0.0,0.0,0.0,24.4,2.2222222222222223,99,0.0,24.4,0.220528,0.0
2026-09-04 06:00:00,0.0,0.0,0.0,24.8,2.1944444444444446,97,0.0,24.8,0.22017599999999998,0.0
2026-09-04 07:00:00,43.0,45.8,36.0,25.3,2.25,93,80.56002950321087,27.47696124151325,0.21782027410746835,6.632995713811159
2026-09-04 08:00:00,156.0,80.6,126.0,25.9,2.4444444444444446,89,201.03214338680147,31.262543402859578,0.21448896180548357,16.29904842388601
2026-09-04 09:00:00,273.0,102.2,213.0,26.6,2.75,85,297.711411184616,34.3817805739809,0.2117440330948968,23.828596433184224
2026-09-04 10:00:00,385.0,128.1,287.0,27.1,3.1111111111111107,81,373.50358228753885,36.63196402235278,0.20976387166032956,29.615376734862657
2026-09-04 11:00:00,487.0,156.7,347.0,27.5,3.3888888888888884,78,421.63214935085176,38.06445176123533,0.2085032824501129,33.23061773368426
2026-09-04 12:00:00,723.0,442.0,297.0,27.8,3.5833333333333335,75,418.9038100170787,38.16232704011465,0.2084171522046991,33.001947391691075
2026-09-04 13:00:00,758.0,485.0,287.0,28.0,3.7777777777777777,71,298.76919685163693,35.29656381793236,0.2109390238402195,23.82234727474124
2026-09-04 14:00:00,727.0,504.9,265.0,28.1,3.9166666666666665,68,262.4897053402134,34.45227366988336,0.21168199917050265,21.003322632298982
2026-09-04 15:00:00,633.0,500.4,233.0,28.1,4.027777777777778,65,230.74601170187333,33.64347761528053,0.21239373969855313,18.52540515474528
2026-09-04 16:00:00,486.0,471.7,188.0,28.1,4.055555555555555,64,185.99477964113146,32.56022899421327,0.21334699848509234,14.999579772785328
2026-09-04 17:00:00,303.0,412.8,128.0,27.9,3.9722222222222223,65,126.42446971803186,30.948338841636296,0.21476546181936007,10.263308437970588
2026-09-04 18:00:00,94.0,184.3,59.0,27.6,3.6944444444444446,68,57.929544018949876,29.022540042547718,0.21646016476255803,4.7399078070395415
2026-09-04 19:00:00,2.0,17.1,1.0,27.2,3.194444444444444,74,0.9849231551964771,27.22499744320057,0.2180420022499835,0.0811772451584934
2026-09-04 20:00:00,0.0,0.0,0.0,26.7,2.7777777777777777,82,0.0,26.7,0.218504,0.0
2026-09-04 21:00:00,0.0,0.0,0.0,26.1,2.305555555555556,89,0.0,26.1,0.219032,0.0
2026-09-04 22:00:00,0.0,0.0,0.0,25.6,2.111111111111111,96,0.0,25.6,0.219472,0.0
2026-09-04 23:00:00,0.0,0.0,0.0,25.3,2.0,100,0.0,25.3,0.21973600000000001,0.0
2026-09-05 00:00:00,0.0,0.0,0.0,25.0,2.0277777777777777,100,0.0,25.0,0.22,0.0
2026-09-05 01:00:00,0.0,0.0,0.0,24.8,2.055555555555556,100,0.0,24.8,0.22017599999999998,0.0
2026-09-05 02:00:00,0.0,0.0,0.0,24.7,2.111111111111111,100,0.0,24.7,0.22026400000000002,0.0
2026-09-05 03:00:00,0.0,0.0,0.0,24.6,2.1666666666666665,100,0.0,24.6,0.22035200000000002,0.0
2026-09-05 04:00:00,0.0,0.0,0.0,24.6,2.2222222222222223,100,0.0,24.6,0.22035200000000002,0.0
2026-09-05 05:00:00,0.0,0.0,0.0,24.8,2.305555555555556,100,0.0,24.8,0.22017599999999998,0.0
2026-09-05 06:00:00,0.0,0.0,0.0,25.2,2.4444444444444446,100,0.0,25.2,0.219824,0.0
2026-09-05 07:00:00,50.0,58.9,41.0,25.9,2.694444444444444,100,98.48002910795843,28.483651441012356,0.21693438673190915,8.075480384112948
2026-09-05 08:00:00,179.0,96.8,143.0,26.6,3.0,100,233.35293115430713,32.599238485594114,0.21331267013267718,18.815757720912956
2026-09-05 09:00:00,308.0,115.9,240.0,27.4,3.3611111111111107,100,336.1145868750933,35.8371769122718,0.21046328431720082,26.739636787326177
2026-09-05 10:00:00,424.0,138.7,318.0,28.0,3.7222222222222223,100,411.4530168720977,38.085338911647185,0.20848490175775047,32.42549840059253
2026-09-05 11:00:00,521.0,164.7,374.0,28.4,3.9166666666666665,100,452.11424508380657,39.34120400303971,0.20737974047732508,35.44102855877784
2026-09-05 12:00:00,668.0,342.8,338.0,28.5,4.027777777777778,100,429.7486909936874,38.8243485386763,0.20783457328596486,33.76168833726674
2026-09-05 13:00:00,694.0,379.5,326.0,28.4,4.083333333333333,99,332.45494328846945,36.35788592828938,0.21000506038310535,26.390909326303706
2026-09-05 14:00:00,666.0,406.3,295.0,28.3,4.055555555555555,99,291.1252508854946,35.28129962277685,0.21095245633195636,23.214335800780706
2026-09-05 15:00:00,583.8,420.3,248.8,28.1,4.638888888888888,98,245.69869302391535,33.77128986741061,0.21228126491667867,19.715432691839784
2026-09-05 16:00:00,421.5,371.9,187.5,28.0,5.027777777777778,98,185.02362824102136,32.1639607330494,0.21369571455491654,14.945649936780137
2026-09-05 17:00:00,227.3,277.2,110.5,27.8,5.222222222222222,100,108.88150071034183,30.219634102618787,0.2154067219896955,8.865539103960039
2026-09-05 18:00:00,50.0,106.9,30.0,27.6,5.166666666666667,100,29.4723104318767,28.257317955518484,0.21713356019914373,2.4189836673370104
2026-09-05 19:00:00,1.0,17.5,0.0,27.3,4.75,100,0.0075384224017614465,27.30017274776286,0.21797584798196867,0.0006211273378477435
2026-09-05 20:00:00,0.0,0.0,0.0,27.1,4.611111111111112,100,0.0,27.1,0.218152,0.0
2026-09-05 21:00:00,0.0,0.0,0.0,27.0,4.805555555555555,100,0.0,27.0,0.21824,0.0
2026-09-05 22:00:00,0.0,0.0,0.0,27.1,5.249999999999999,100,0.0,27.1,0.218152,0.0
2026-09-05 23:00:00,0.0,0.0,0.0,27.1,5.611111111111111,100,0.0,27.1,0.218152,0.0
